id,product_id,package_id,created,package_group,product_name,status
10547,11021,20796,2024-01-09 11:57:21.485381+00:00,Super Sports,Voucher EBAY 30 hari,New
11953,11003,20796,2024-01-09 11:57:21.485381+00:00,Super Sports,Voucher EBAY 365 hari,New
13235,11487,,2020-10-30 07:32:56+00:00,Super,OTT_30_hari,Old
12849,13819,,2023-01-18 01:35:02+00:00,Super Sports,Bundling Singtel Sports 365D 18GB,Old
11858,12345,,2022-06-13 23:21:46+00:00,Super,OTT Super 90 hari ,Old
12057,14497,,2023-03-30 23:44:14+00:00,Super Sports,China Mobile - OTT Super+Sports 30 Days,Old
10136,12139,22111,2024-08-13 09:30:08.945432+00:00,Super VIP,Super Malaysia CelcomDigi,New
10035,11017,20797,2024-01-09 11:57:21.485381+00:00,Free,vodafone Free,New
11344,11076,20796,2024-01-09 11:57:21.485381+00:00,Super Sports,Alibaba x OTT Super+Sports 7 Days,New
13568,12230,,2022-04-21 02:15:03+00:00,On Demand,Voucher VENMO_ON DEMAND,Old
12185,12622,,2022-07-06 21:33:18+00:00,Super Sports,Super + Sports 90 Hari Telco,Old
10545,12104,22111,2024-08-09 14:40:27.634277+00:00,Super VIP,Super Malaysia,New
13650,12165,,2021-12-28 03:16:06+00:00,Super,Voucher ALIBABA  Periode: 365 hr + 365 hr,Old
12697,12771,,2022-09-12 22:24:57+00:00,Super Sports,Super + Sports 1 Hari Telco,Old
11776,11072,20796,2024-01-09 11:57:21.485381+00:00,Super Sports,Amazon x OTT Super+Sports 7 Days,New
11827,12368,23167,2024-10-21 09:18:27.682192+00:00,Test Package 3,testing,New
12337,13865,,2023-02-01 21:31:07+00:00,Super Sports,MyRepublic Super+Sports 30 Hari,Old
14931,12867,,2022-10-09 21:52:11+00:00,Super,Voucher Venmo: 30 hari + 30 hari,Old
10320,11510,21484,2024-04-24 09:15:06.007516+00:00,World Cup,Paket Early Bird World Cup OTT x Singtel,New
14211,12127,,2021-12-21 03:20:56+00:00,Super,Voucher EBAY Periode 365 hr + 365 hr,Old
12881,12547,,2022-06-22 02:33:03+00:00,Super,Voucher Super 90hari di Codashop,Old
10160,11185,20835,2024-01-29 05:06:31.386534+00:00,Orange TV Premium,Paket vodafone Super Sports 30 Hari,New
10240,12348,22672,2024-10-04 07:48:18.848373+00:00,Super Ultimate,Super Ultimate 365 Hari BJB,New
11474,11143,20796,2024-01-09 11:57:21.485381+00:00,Super Sports,Super + Sports 7 Hari,New
12305,14921,,2024-05-13 03:58:13+00:00,World Cup,OTT World Cup Early Bird,Old
12882,12425,,2022-06-15 21:05:48+00:00,Super Sports,Voucher Super+Sports 30 hari di EBAY,Old
13266,12262,,2022-05-07 21:16:59+00:00,Super,Voucher Venmo 7 hari,Old
11032,11067,20796,2024-01-09 11:57:21.485381+00:00,Super Sports,Voucher ETSY Periode: 30 hari+30 hari,New
10675,11056,20796,2024-01-09 11:57:21.485381+00:00,Super Sports,Super + Sports 7 Hari Smartfren,New
11955,11196,20794,2024-02-19 03:32:19.155359+00:00,Super,Bundling Singtel Super 1D 500MB,New
11441,11066,20796,2024-01-09 11:57:21.485381+00:00,Super Sports,Voucher WALMART: 90 hari + 90 hari,New
11009,11051,20796,2024-01-09 11:57:21.485381+00:00,Super Sports,Voucher EBAY Periode 180 hari Live TV,New
11649,11033,20796,2024-01-09 11:57:21.485381+00:00,Super Sports,Voucher Super+Sports 7hari di Codashop,New
14360,12158,,2021-12-28 03:11:56+00:00,Super,Voucher ALIBABA  Periode: 30 hr + 30 hr,Old
13314,12384,,2022-06-15 20:50:59+00:00,Super Sports,Voucher Super+Sports 30 hari Venmo,Old
14467,12566,,2022-06-22 02:46:22+00:00,Super Sports,Voucher Super+Sports 90hari di Lazada,Old
13081,14851,,2023-11-21 22:09:08+00:00,Super Sports,Mcash X OTT PS 90D,Old
10905,11049,20796,2024-01-09 11:57:21.485381+00:00,Super Sports,Super + Sports 30 Hari Singtel,New
11187,11012,20796,2024-01-09 11:57:21.485381+00:00,Super Sports,Voucher EBAY Periode 7 hr + 7 hr,New
11217,11116,20796,2024-01-09 11:57:21.485381+00:00,Super Sports,Amazon - OTT Super+sports 90D,New
14547,10625,,,Super,Rakuten  Payment 30 Hari,Old
10371,11138,20794,2024-01-09 11:57:21.485381+00:00,Super,Sepulsa X OTT P 30 D,New
13827,11379,,2020-10-24 06:28:37+00:00,Super,Super 365 Hari,Old
12880,13816,,2023-01-18 01:34:15+00:00,Super Sports,Bundling Singtel Sports 90D 9GB,Old
13777,13891,,2023-02-06 02:29:55+00:00,Super Sports,iRadio - OTT Super + Sport 30 Hari,Old
11314,11014,20796,2024-01-09 11:57:21.485381+00:00,Super Sports,Voucher EBAY Periode 365 hr + 365 hr,New
11267,11057,20796,2024-01-09 11:57:21.485381+00:00,Super Sports,Super + Sports 30 Hari Smartfren,New
10449,11246,21484,2024-03-26 09:04:35.170236+00:00,World Cup,World Cup,New
12754,14873,,2024-01-17 03:01:41+00:00,Super Sports,Verizon X OTT PS 365D,Old
10835,11204,20794,2024-02-19 03:39:26.833948+00:00,Super,Bundling Singtel Sports 7D 1.5GB,New
13200,10120,,2019-03-27 04:06:30+00:00,Super,BNP NOW Free 6 Bulan,Old
13106,12852,,2022-10-09 21:38:52+00:00,Super,Voucher WALMART  30 hari +30 hari,Old
12056,12369,,2022-06-13 23:24:37+00:00,Super Sports,Super + Sports 90 Hari,Old
12371,11087,20796,2024-01-09 11:57:21.485381+00:00,Super Sports,Voucher ALIBABA Periode: 365 hari,New
11473,11134,20796,2024-01-09 11:57:21.485381+00:00,Super Sports,WALMART X OTT PS 365D,New
11088,11193,21188,2024-02-15 06:43:38.769055+00:00,Test Package 6,testing product 02,New
12184,12764,,2022-09-13 03:38:05+00:00,Super Sports,Super + Sports 365 Hari,Old
14361,12042,,2021-10-28 02:23:35+00:00,Super,Voucher LANEIGE 30 hari,Old
11416,11024,20796,2024-01-09 11:57:21.485381+00:00,Super Sports,Voucher Super+Sports 30 hari Venmo,New
11536,11195,20796,2024-02-15 07:51:07.750140+00:00,Super Sports,Citi Home Testing,New
12211,12341,20794,2024-10-04 07:27:40.746062+00:00,Super,Super 30 Hari BJB,New
10754,12339,22673,2024-10-04 07:21:18.200369+00:00,Super Movies,Super Movies 30 Hari Alibaba,New
11139,11047,20796,2024-01-09 11:57:21.485381+00:00,Super Sports,Voucher BLI 30 hari Super + Sports,New
13745,12558,,2022-06-22 02:40:18+00:00,Super Sports,Voucher Super+Sports 7hari di Lazada,Old
14002,14798,,2023-08-15 02:07:18+00:00,Super,EBAY HUTRI78 X OTT P 365 D,Old
12290,13800,,2023-01-18 01:26:13+00:00,Super Sports,Bundling Singtel Sports 7D 1.5GB,Old
12561,14758,,2023-07-18 03:24:44+00:00,Super Sports,New Amazon - OTT Super+Sports 30D,Old
14928,12468,,2020-10-01 05:41:29+00:00,Super,OTT Super 90 Hari,Old
15056,14837,,2023-09-12 20:00:23+00:00,Super,Motionpay X OTT PS 365 D,Old
11521,12303,20796,2024-09-20 04:36:57.617299+00:00,Super Sports,Super Sports Hospitality,New
12033,10520,,2020-03-05 03:34:24+00:00,Super,zalando Payment 7 Hari,Old
12824,13845,,2023-01-18 01:41:46+00:00,Super,Bundling Singtel Super 30D 3GB,Old
13234,12372,,2022-06-13 23:25:10+00:00,Special Sport Match,Pay Per View,Old
11857,11945,20796,2024-06-06 07:50:42.598246+00:00,Super Sports,"Verizon X OTT PS 30D (3,5GB)",New
13592,14850,,2023-11-21 22:08:39+00:00,Super,Mcash X OTT P 365D,Old
13848,12051,,2021-10-28 04:11:26+00:00,Super,Voucher Mi 30 hari,Old
12817,13521,,2022-11-17 01:54:30+00:00,Super,Voucher ALIBABA Periode: 7 hari ,Old
11393,11070,20796,2024-01-09 11:57:21.485381+00:00,Super Sports,Voucher Venmo: 90 hari + 90 hari,New
10963,11038,20794,2024-01-09 11:57:21.485381+00:00,Super,Voucher Super 30hari di Codashop,New
12209,12363,,2022-06-13 23:24:03+00:00,Super Sports,Super + Sports 30 Hari,Old
10264,11708,21847,2024-05-20 14:27:52.968776+00:00,Sport Match 1,Sport Match 1,New
10128,11091,20797,2024-01-09 11:57:21.485381+00:00,Free,VAmazon - Free,New
14353,13620,,2022-12-13 01:15:13+00:00,Super Sports,PT. Nusantara Media Network - PWS 365 Hr,Old
12624,12353,,2022-06-13 23:22:22+00:00,Super,OTT Super 365 hari ,Old
10897,11077,20796,2024-01-09 11:57:21.485381+00:00,Super Sports,Alibaba x OTT Super+Sports 30 Days,New
11569,11873,20796,2024-06-05 07:18:38.241547+00:00,Super Sports,premsport3testing,New
13315,12836,,2022-10-09 21:32:27+00:00,Super,Voucher EBAY Periode: 90 hari+90 hari,Old
13699,12541,,2022-06-22 02:31:08+00:00,Super,Voucher Super 7hari di Codashop,Old
14256,13945,,2023-02-24 03:16:15+00:00,Super,OTT Super 7 Hari,Old
14675,14409,,2020-10-01 05:40:45+00:00,Entertainment,7 Diamond Package,Old
10930,12302,20794,2024-09-20 04:32:33.352619+00:00,Super,Super Hospitality,New
12825,14537,,2023-04-10 19:43:43+00:00,Super Sports,FlashBiller - Super Sports 30D Amazon GLK,Old
13618,14836,,2023-09-12 19:59:55+00:00,Super Sports,Motionpay X OTT PS 30 D,Old
15314,13875,,2023-02-05 23:33:18+00:00,Super Sports,Super+Sports 365 Hr,Old
12113,12676,,2022-06-13 23:20:11+00:00,Super,OTT Super 7 hari,Old
11544,11906,20796,2024-06-05 17:06:16.459745+00:00,Super Sports,Super + Sports 7 Hari Telco | Singtel,New
10129,12336,22672,2024-10-04 07:11:57.654116+00:00,Super Ultimate,Super Ultimate 30 Hari Motionpay,New
10256,11741,21847,2024-05-29 07:28:40.860465+00:00,Sport Match 1,Product Derbi Testing,New
13570,12133,,2021-12-21 03:25:32+00:00,Super,Voucher Super OTT Periode: 30 hari,Old
14160,13195,,2022-10-28 00:37:23+00:00,Super Sports,Super+Sports MyPertamina (ads) 30 hari,Old
10777,11207,20794,2024-02-19 03:41:18.244659+00:00,Super,Bundling Singtel Sports 90D 9GB,New
11650,11118,20796,2024-01-09 11:57:21.485381+00:00,Super Sports,Motion Bank X OTT PS 30 D,New
10803,11046,20796,2024-01-09 11:57:21.485381+00:00,Super Sports,Voucher BLI 7 hari Super + Sports,New
14035,12537,,2022-06-22 02:19:52+00:00,Super Sports,Voucher Super+Sports 365hari Codashop,Old
13977,13203,,2022-11-01 00:29:45+00:00,Super,OTT Super 365 Days,Old
13363,12617,,2022-07-06 21:32:04+00:00,Super Sports,Super + Sports 30 Hari Telco,Old
14131,13569,,2022-11-23 23:37:18+00:00,Super Sports,Voucher JAFF - OTT Super+Sports 7 Days,Old
11673,11109,20796,2024-01-09 11:57:21.485381+00:00,Super Sports,New Amazon - OTT Super+Sports 30D,New
12081,11100,20796,2024-01-09 11:57:21.485381+00:00,Super Sports,China Mobile - OTT Super+Sports 30 Days,New
12952,11753,,2021-03-12 00:35:34+00:00,Super,Bundling Verizon VPI10,Old
14595,12135,,2021-12-21 03:27:10+00:00,Super,Voucher VENMO Periode 7 hr + 7 hr,Old
12466,11296,,2020-10-12 07:27:53+00:00,Super,Voucher ALIBABA 30 hari,Old
12721,11260,,2020-10-07 09:01:06+00:00,Super,Super 30 Hari,Old
11921,13612,,2022-12-07 03:58:19+00:00,Super,VAmazon - Free,Old
12803,10308,,2019-10-24 04:32:53+00:00,Super,Voucher VENMO 7 hari,Old
11800,11019,20796,2024-01-09 11:57:21.485381+00:00,Super Sports,Voucher Venmo 365 hari,New
10801,11199,20794,2024-02-19 03:36:14.125532+00:00,Super,Bundling Singtel Super 30D 3GB,New
10385,11108,20794,2024-01-09 11:57:21.485381+00:00,Super,New Amazon - OTT Super 90D,New
11025,11007,20796,2024-01-09 11:57:21.485381+00:00,Super Sports,OTT Trial Plan 7 Hari - AXIS Voucher,New
10802,11040,20794,2024-01-09 11:57:21.485381+00:00,Super,Voucher Super 365hari di Codashop,New
10625,11212,20796,2024-02-19 04:49:18.703527+00:00,Super Sports,Bundling Singtel Sports 7D 1.5GB,New
10195,12500,23200,2024-10-22 07:42:44.176269+00:00,Test Package 8,Product QA Testing,New
15128,14841,,2023-10-17 23:31:12+00:00,Super Sports,Temporary package 1 D Super+Sports,Old
12498,10535,,2020-03-05 03:36:33+00:00,Super,SPIN Payment 1 Hari,Old
11281,11071,20796,2024-01-09 11:57:21.485381+00:00,Super Sports,Singtel Super Trial Plan 7 Hari-Kuota 1GB,New
10882,12172,22673,2024-08-15 04:29:15.903961+00:00,Super Movies,Super Movies 30 Hari,New
12288,10081,,2018-10-30 23:20:05+00:00,Super,BNPnow_7_hari,Old
10451,11139,20794,2024-01-09 11:57:21.485381+00:00,Super,Super 7 hari,New
13059,12583,,2022-06-24 01:50:45+00:00,Super Sports,Voucher BLI 30 hari Super + Sports,Old
14083,10510,,2020-02-21 10:51:39+00:00,Super,BNP Vision Corporate Hotel 30 hari,Old
15001,14413,,2020-10-01 05:40:45+00:00,Entertainment,90 Diamond +35 Free Package,Old
10776,12236,22673,2024-09-09 03:36:58.993979+00:00,Super Movies,Super Movies 365 hari,New
12243,11002,20796,2024-01-09 11:57:21.485381+00:00,Super Sports,Voucher EBAY 90 Hari,New
14512,10022,,2017-03-20 03:54:57+00:00,Super,BNP NOW VIP,Old
13826,13525,,2022-11-17 01:56:18+00:00,Super,Voucher ALIBABA Periode: 30 hari,Old
13593,14478,,2023-03-29 01:03:45+00:00,Super,Super 7 Hari,Old
14034,13583,,2022-11-28 03:58:19+00:00,Super Sports,Voucher OTT di TIX ID 90 Hari,Old
10496,12171,22672,2024-08-15 04:27:59.563844+00:00,Super Ultimate,Super Ultimate 365 Days,New
11264,11060,20796,2024-01-09 11:57:21.485381+00:00,Super Sports,Voucher BNP Periode: 30 hari+30 hari,New
10499,11203,20794,2024-02-19 03:38:58.998544+00:00,Super,Bundling Singtel Sports 3D 750MB,New
11697,11065,20796,2024-01-09 11:57:21.485381+00:00,Super Sports,Voucher WALMART 30 hari +30 hari,New
10704,11201,20794,2024-02-19 03:37:27.161331+00:00,Super,Bundling Singtel Super 365D 18GB,New
13072,13637,,2022-12-16 01:30:18+00:00,Super,PWS 7 Hr,Old
11952,11062,20796,2024-01-09 11:57:21.485381+00:00,Super Sports,Voucher EBAY Periode: 90 hari+90 hari,New
10369,11194,21188,2024-02-15 07:21:39.967799+00:00,Test Package 6,testprice id,New
12850,11982,,2021-08-08 20:38:20+00:00,Super,OTT Super 30 Hari - BNP,Old
12848,10811,,2020-06-03 03:29:34+00:00,Super,Voucher EBAY 30 hari,Old
13457,14411,,2020-10-01 05:40:45+00:00,Entertainment,40 Diamond +5 Free Package,Old
13651,12381,,2022-06-15 20:43:21+00:00,Super Sports,Voucher Super+Sports 7 hari Venmo,Old
10384,11093,20796,2024-01-09 11:57:21.485381+00:00,Super Sports,PT. Cahaya Sambas Multimedia-PWS 365 Hr,New
14210,14816,,2023-08-24 01:32:03+00:00,Super Sports,ORANGE MAC Bronze X OTT PS 30 D,Old
11153,11907,20796,2024-06-05 17:07:07.181665+00:00,Super Sports,Super + Sports 30 Hari Telco | Singtel ,New
10833,11206,20794,2024-02-19 03:40:32.755915+00:00,Super,Bundling Singtel Sports 30D 3GB,New
13058,14868,,2024-01-17 02:59:07+00:00,Super,Verizon X OTT P 30D,Old
12083,11037,20794,2024-01-09 11:57:21.485381+00:00,Super,Voucher Super 7hari di Codashop,New
13073,12727,,2022-08-21 21:07:54+00:00,Super,Voucher JDID Periode: 30 hari + 30 hari,Old
13329,10626,,,Super,Rakuten  Payment 90 Hari,Old
13105,13302,,2022-11-11 02:30:23+00:00,Super Sports,Alibaba x OTT Super+Sports 30 Days,Old
10137,12170,22672,2024-08-15 04:26:23.058749+00:00,Super Ultimate,Super Ultimate 30 Days,New
11904,11092,20796,2024-01-09 11:57:21.485381+00:00,Super Sports,PT. Nusantara Media Network - PWS 365 Hr,New
10448,11576,21682,2024-05-06 10:51:46.157013+00:00,Special Sport Match,Live Football Match,New
14723,14915,,2024-05-01 22:14:03+00:00,Super Sports,test product voucher AFC,Old
11138,11045,20796,2024-01-09 11:57:21.485381+00:00,Super Sports,Voucher Super+Sports 365hari di Lazada,New
13136,11954,,2021-06-13 23:47:17+00:00,Super,OTT Super 7 Hari - AXIS Vouchers,Old
12312,10013,,2017-02-21 17:50:04+00:00,Super,7 Hari ( Phone ),Old
13360,12535,,2022-06-22 02:17:21+00:00,Super Sports,Voucher Super+Sports 30hari Codashop,Old
10832,11058,20794,2024-01-09 11:57:21.485381+00:00,Super,OTT First Media Super 30 Days,New
13490,13653,,2022-12-18 22:02:05+00:00,Super Sports,Migo x OTT Super+Sports 30 Hari,Old
12976,10802,,2020-06-03 03:28:30+00:00,Super,Voucher EBAY 7 Hari,Old
11152,11211,20796,2024-02-19 04:47:24.798332+00:00,Super Sports,Bundling Singtel Sports 3D 750MB,New
11288,11080,20796,2024-01-09 11:57:21.485381+00:00,Super Sports,Smart247 x OTT Super+Sports 7 Days,New
11265,11043,20796,2024-01-09 11:57:21.485381+00:00,Super Sports,Voucher Super+Sports 30hari di Lazada,New
11218,11059,20796,2024-01-09 11:57:21.485381+00:00,Super Sports,OTT VNT Super + Sports 30 Days,New
12688,12126,,2021-12-21 03:16:18+00:00,Super,Voucher EBAY Periode 30 hr + 30 hr,Old
13585,14872,,2024-01-17 03:01:11+00:00,Super Sports,Verizon X OTT PS 90D,Old
12672,12508,,2020-10-23 15:05:33+00:00,Super Sports,Super + Sports 365 Hari,Old
10649,11124,20794,2024-01-09 11:57:21.485381+00:00,Super,Mcash X OTT P 365D,New
10578,11205,20794,2024-02-19 03:39:58.229818+00:00,Super,Bundling Singtel Sports 30D 2GB Promo,New
10706,11113,20794,2024-01-09 11:57:21.485381+00:00,Super,Amazon - OTT Super 365 D,New
10321,12346,22672,2024-10-04 07:46:02.549842+00:00,Super Ultimate,Super Ultimate 365 Hari Alibaba,New
13954,10729,,2020-05-13 03:47:35+00:00,Super,Voucher BNP Life 60 hari,Old
14418,10072,,2018-08-16 10:56:14+00:00,Super,BNP NOW 97 Hari,Old
10392,12344,22672,2024-10-04 07:43:53.121086+00:00,Super Ultimate,Super Ultimate 365 Hari Amazon,New
10960,12349,20794,2024-10-04 08:01:38.313575+00:00,Super,Super 30 Hari Alibaba,New
11984,11145,20796,2024-01-09 11:57:21.485381+00:00,Super Sports,Super + Sports 90 Hari,New
12467,11202,20794,2024-02-19 03:38:12.781987+00:00,Super,Bundling Singtel Sports 1D 500MB,New
12546,10018,,2017-02-21 18:01:05+00:00,Super,VOD 90 Hari,Old
12338,12565,,2022-06-22 02:42:14+00:00,Super Sports,Voucher Super+Sports 30hari di Lazada,Old
11523,12684,,2022-06-13 23:21:09+00:00,Super,OTT Super 30 hari ,Old
11409,11127,20796,2024-01-09 11:57:21.485381+00:00,Super Sports,BNP X OTT PS 365D,New
11266,10999,20796,2024-01-09 11:57:21.485381+00:00,Super Sports,Voucher EBAY 1 Hari,New
10163,11477,21484,2024-04-24 09:12:43.700705+00:00,World Cup,Paket Normal World Cup OTT x Singtel,New
11442,11026,20796,2024-01-09 11:57:21.485381+00:00,Super Sports,Voucher Super+Sports 365hari Venmo,New
12176,14829,,2023-08-28 01:59:39+00:00,Super Sports,OTT LMAC PS 365 Bronze 9 Sep,Old
13336,10026,,2017-07-24 04:47:42+00:00,Super,BNP NOW Free 3 Bulan,Old
12499,11001,20796,2024-01-09 11:57:21.485381+00:00,Super Sports,Voucher EBAY 30 hari,New
12928,12484,,2020-10-01 05:40:45+00:00,Super,Super + Sports 7 Hari,Old
15155,12649,,2022-07-31 23:26:54+00:00,Super Sports,OTT Super with Sports 30 Hari (Ads),Old
11779,12777,,2022-09-13 21:47:01+00:00,Super Sports,Super + Sports 1 Hari Smartfren,Old
11672,11215,20796,2024-02-19 04:51:35.064905+00:00,Super Sports,Bundling Singtel Sports 90D 9GB,New
10114,11609,21748,2024-05-08 06:33:25.527809+00:00,Test Package 4,tesitng package malaysia with pricing ringgit,New
11568,11055,20796,2024-01-09 11:57:21.485381+00:00,Super Sports,Super + Sports 3 Hari Smartfren,New
14674,12413,,2022-06-15 21:02:58+00:00,Super Sports,Voucher Super+Sports 90 hari di JDID,Old
12208,12333,,2022-06-13 23:20:11+00:00,Super,OTT Super 7 hari,Old
11648,11068,20796,2024-01-09 11:57:21.485381+00:00,Super Sports,Voucher ETSY Periode: 90 hari+90 hari,New
10419,11006,20796,2024-01-09 11:57:21.485381+00:00,Super Sports,OTT Trial Plan 7 Hari - Orange Vouchers,New
10032,12338,22673,2024-10-04 07:19:45.032553+00:00,Super Movies,Super Movies 30 Hari Amazon,New
13392,14470,,2023-03-23 22:10:57+00:00,Super,Super 30 Days,Old
13394,12536,,2022-06-22 02:18:50+00:00,Super Sports,Voucher Super+Sports 90hari Codashop,Old
12035,11269,,2020-10-07 09:01:41+00:00,Super,Super 90 Hari,Old
14129,14803,,2023-08-15 02:25:23+00:00,Super,ETSY HUTRI78 X OTT P 365 D,Old
13011,11214,20796,2024-02-19 04:50:52.824340+00:00,Super Sports,Bundling Singtel Sports 30D 3GB,New
11184,11942,20796,2024-06-06 07:46:18.812441+00:00,Super Sports,Verizon X OTT PS 30D,New
11696,11029,20796,2024-01-09 11:57:21.485381+00:00,Super Sports,Voucher Super+Sports 30 hari di EBAY,New
11313,11036,20796,2024-01-09 11:57:21.485381+00:00,Super Sports,Voucher Super+Sports 365hari Codashop,New
11905,13595,,2022-12-05 21:13:50+00:00,Super,VAmazon - 30 Days with Ads,Old
14232,12830,,2022-10-09 21:28:31+00:00,Super Sports,Voucher BNP Periode: 30 hari+30 hari,Old
12720,11682,,2021-01-19 00:12:09+00:00,Super Sports,OTT Super 30 Hari - Orange Vouchers,Old
10115,12138,22111,2024-08-13 09:29:27.992400+00:00,Super VIP,Super Malaysia CelcomDigi,New
11216,11943,20796,2024-06-06 07:47:17.725010+00:00,Super Sports,Verizon X OTT PS 90D,New
10418,11189,20897,2024-02-01 07:31:58.828420+00:00,Test Package 10,Test Product 12,New
10161,11186,20837,2024-01-29 07:13:46.902375+00:00,Test Package 2,test dian,New
12465,13830,,2023-01-18 01:38:34+00:00,Super,Bundling Singtel Super 3D 750MB,Old
13779,12833,,2022-10-09 21:30:39+00:00,Super,Voucher EBAY Periode: 30 hari+30 hari,Old
13491,11406,,2020-10-30 02:11:24+00:00,Super,zalando Payment 365 Hari,Old
14258,13907,,2023-02-09 22:10:34+00:00,Super,Super_hospitalityMY,Old
13571,12269,,2022-05-07 21:19:38+00:00,Super,Voucher Venmo 90 hari,Old
10416,12203,22111,2024-08-19 06:34:51.263077+00:00,Super VIP,Super Malaysia CelcomDigi,New
14000,12684,,2022-06-13 23:21:09+00:00,Super Sports,OTT Super 30 hari ,Old
15000,12526,,2022-06-21 02:42:21+00:00,Super Sports,Voucher BL 365 hari Super + Sports,Old
11928,11908,20796,2024-06-05 17:07:54.731673+00:00,Super Sports,Super + Sports 90 Hari Telco | Singtel ,New
11345,11125,20796,2024-01-09 11:57:21.485381+00:00,Super Sports,Mcash X OTT PS 90D,New
13138,12265,,2022-05-07 21:18:21+00:00,Super,Voucher Venmo 30 hari,Old
13907,12543,,2022-06-22 02:32:08+00:00,Super,Voucher Super 30hari di Codashop,Old
10962,11095,20796,2024-01-09 11:57:21.485381+00:00,Super Sports,MyRepublic Super+Sports 30 Hari,New
10065,11190,20953,2024-02-05 11:02:54.031473+00:00,Test Package 1,Test Product 2,New
10961,11084,20796,2024-01-09 11:57:21.485381+00:00,Super Sports,Voucher ALIBABA Periode: 7 hari,New
13904,12103,,2021-12-14 04:12:09+00:00,Super,Voucher MiVideo 30hari OTT Super,Old
14745,14938,,2024-06-13 01:36:31+00:00,World Cup,Shopify X OTT World Cup Reguler Pack,Old
12801,12119,,2021-12-21 03:14:58+00:00,Super,Voucher EBAY Periode 7 hr + 7 hr,Old
12416,12740,,2022-09-13 03:38:05+00:00,Super Sports,Super + Sports 7 Hari,Old
14930,12555,,2022-06-22 02:38:13+00:00,Super Sports,Voucher Super+Sports 365hari JujungNet,Old
10512,11126,20796,2024-01-09 11:57:21.485381+00:00,Super Sports,Mcash X OTT PS 365D,New
12162,11129,20796,2024-01-09 11:57:21.485381+00:00,Super Sports,Upoint X OTT PS 7D,New
14771,11804,,2021-04-15 20:14:14+00:00,Super,Voucher OTT 90 Hari,Old
11954,12785,,2022-09-13 21:48:01+00:00,Super Sports,Super + Sports 7 Hari Smartfren,Old
13056,10025,,2017-06-05 09:17:17+00:00,Super,BNP NOW Free,Old
15570,11415,,2020-10-30 02:13:07+00:00,Super,SPIN Payment 365 Hari,Old
12464,12460,,2020-10-01 05:41:09+00:00,Super,OTT Super 30 Hari,Old
14290,11361,,2020-10-24 06:28:37+00:00,Super,Super 30 Hari,Old
13393,12446,,2022-06-20 20:54:13+00:00,Super,OTT Super 7 Hari UFF 2022,Old
10579,11131,20794,2024-01-09 11:57:21.485381+00:00,Super,Upoint X OTT P 30D,New
10064,12533,22673,2024-10-25 07:15:07.111285+00:00,Super Movies,MyRep Super Movies 30 Hari,New
14233,14414,,2020-10-01 05:40:45+00:00,Entertainment,300 Diamond +100 Free Package,Old
10008,11840,22111,2024-06-04 04:32:26.597188+00:00,Super VIP,Super Malaysia,New
12929,10555,,2020-03-17 05:01:15+00:00,Super,Voucher Free BNP Bank 30 hari,Old
13442,14735,,2023-07-03 20:58:44+00:00,Super,Grab Deals Super with ads 7 D (Unique),Old
14872,11469,,2020-10-30 05:29:49+00:00,Super,ETSY Payment 365 Hari,Old
14489,10702,,2020-05-11 06:19:42+00:00,Super,BNP BANK 30 Hari,Old
15187,12150,,2021-12-28 03:07:27+00:00,Super,Voucher ALIBABA  Periode: 7 hr + 7 hr,Old
13521,14833,,2023-08-28 02:02:22+00:00,Super Sports,OTT LMAC PS 365 Silver 2 Days,Old
11570,11117,20796,2024-01-09 11:57:21.485381+00:00,Super Sports,Amazon-OTT Super+sports 365 D,New
13208,11305,,2020-10-12 07:28:32+00:00,Super,Voucher ALIBABA 90 hari,Old
11777,12700,,2022-06-13 23:22:22+00:00,Super,OTT Super 365 hari ,Old
13976,10328,,2019-10-25 05:56:41+00:00,Super,Voucher VENMO 90 hari,Old
11792,12208,,2022-04-10 21:17:24+00:00,Entertainment,Games+ Competition,Old
12816,10624,,,Super,Rakuten  Payment 7 Hari,Old
12673,11323,,2020-10-12 07:59:37+00:00,Super,Voucher VENMO 365 hari,Old
13696,12839,,2022-10-09 21:35:11+00:00,Super,Voucher Lazada Periode: 90 hari+90 hari,Old
12931,10132,,2019-08-15 04:21:17+00:00,Super,BNP NOW Free 1 Bulan,Old
10498,11102,20794,2024-01-09 11:57:21.485381+00:00,Super,Pulsa Pro - OTT Super 30 Days,New
13456,12735,,2022-08-31 20:52:21+00:00,Super,OTT OrangeHome Super 30 Days,Old
14416,13591,,2022-12-02 00:56:42+00:00,Super Sports,(Pesta di Kelas) - OTT Super+Sports 30,Old
14225,12214,,2022-04-21 02:10:54+00:00,On Demand,Voucher EBAY_ON DEMAND,Old
12723,12748,,2022-09-13 03:38:05+00:00,Super Sports,Super + Sports 30 Hari,Old
14851,14820,,2023-08-24 01:41:39+00:00,Super Sports,Venmo LMAC D1 Bronze x OTT PS 365 D,Old
14128,12143,,2021-12-21 03:30:34+00:00,Super,Voucher VENMO Periode 90 hr + 90 hr,Old
14384,14840,,2023-10-17 23:30:56+00:00,Super,Temporary package 1 D Super,Old
12032,11946,20796,2024-06-06 07:51:53.107437+00:00,Super Sports,Verizon X OTT PS 30D (15GB),New
10576,11198,20794,2024-02-19 03:35:43.485670+00:00,Super,Bundling Singtel Super 7D 1GB,New
14386,14822,,2023-08-24 01:42:42+00:00,Super Sports,Venmo LMAC D1 Gold x OTT PS 365 D,Old
13010,10324,,2019-10-25 05:54:30+00:00,Super,Voucher VENMO 30 hari,Old
13395,12432,,2022-06-15 21:08:03+00:00,Super Sports,Voucher Super+Sports 365hari di EBAY,Old
11698,11015,20796,2024-01-09 11:57:21.485381+00:00,Super Sports,Voucher EBAY Periode 90 hr + 90 hr,New
10033,12340,22673,2024-10-04 07:22:28.867033+00:00,Super Movies,Super Movies 30 Hari BJB,New
12594,14848,,2023-11-20 02:00:43+00:00,Super,Mypertamina X OTT P with ads 30D,Old
11417,11028,20796,2024-01-09 11:57:21.485381+00:00,Super Sports,Voucher Super+Sports 7 hari di EBAY,New
11520,11000,20796,2024-01-09 11:57:21.485381+00:00,Super Sports,Voucher EBAY 7 Hari,New
11185,11774,21188,2024-05-29 09:27:39.715221+00:00,Test Package 6,Test Product 6,New
14744,14867,,2023-12-28 00:15:41+00:00,Super Sports,Verizon X OTT PS 30D (15GB),Old
12210,12500,,2020-10-01 05:41:29+00:00,Super Sports,Super + Sports 90 Hari,Old
13187,12440,,2022-06-15 21:32:14+00:00,Super Sports,Voucher Super+Sports 30 hari di BNP,Old
15312,13613,,2022-12-12 21:50:25+00:00,Super Sports,SMA Global Mandiri - Super+Sports 7 Hr,Old
14163,10268,,2019-10-23 07:45:38+00:00,Super,Voucher VENMO 1 Hari,Old
12240,11030,20796,2024-01-09 11:57:21.485381+00:00,Super Sports,Voucher Super+Sports 90 hari di EBAY,New
13824,14737,,2023-07-04 00:13:56+00:00,Super,Test Product 3,Old
13233,12173,,2022-01-19 02:29:17+00:00,On Demand,Transactional VOD,Old
12114,10515,,2020-03-05 03:33:03+00:00,Super,zalando Payment 1 Hari,Old
15058,11341,,2020-10-14 06:20:24+00:00,Super,Ilmuwan Data,Old
11665,11144,20796,2024-01-09 11:57:21.485381+00:00,Super Sports,Super + Sports 30 Hari,New
11024,11079,20796,2024-01-09 11:57:21.485381+00:00,Super Sports,Alibaba x OTT Super+Sports 365 Days,New
12883,11121,20796,2024-01-09 11:57:21.485381+00:00,Super Sports,Motionpay X OTT PS 365 D,New
10193,12137,22111,2024-08-13 09:28:44.841594+00:00,Super VIP,Super Malaysia CelcomDigi,New
11089,11146,20796,2024-01-09 11:57:21.485381+00:00,Super Sports,Super + Sports 365 Hari,New
10673,11141,20794,2024-01-09 11:57:21.485381+00:00,Super,Super 90 Hari,New
12161,13824,,2023-01-18 01:35:47+00:00,Super,Bundling Singtel Super 1D 500MB,Old
12851,12756,,2022-09-13 03:38:05+00:00,Super Sports,Super + Sports 90 Hari,Old
13619,11955,,2021-06-13 23:47:55+00:00,Super,OTT Super 30 Hari - AXIS Vouchers,Old
12370,12737,,2022-08-31 20:54:04+00:00,Super Sports,OTT OrangeHome Super+Sports 30 Days,Old
11137,11187,20796,2024-01-29 07:17:43.828358+00:00,Super Sports,vodafone,New
11059,11105,20796,2024-01-09 11:57:21.485381+00:00,Super Sports,FlashBiller - Super Sports 30D Amazon GLK,New
11729,11063,20796,2024-01-09 11:57:21.485381+00:00,Super Sports,Voucher Lazada Periode: 30 hari+30 hari,New
13465,13855,,2023-01-23 23:56:36+00:00,Super,OTT Super 30 Hari,Old
12418,13811,,2023-01-18 01:28:03+00:00,Super Sports,Bundling Singtel Sports 30D 3GB,Old
14643,11370,,2020-10-24 06:28:37+00:00,Super,Super 90 Hari,Old
13649,14834,,2023-09-12 19:58:27+00:00,Super,Motionpay X OTT P 30 D,Old
11219,11197,20794,2024-02-19 03:35:06.582639+00:00,Super,Bundling Singtel Super 3D 750MB,New
10883,11025,20796,2024-01-09 11:57:21.485381+00:00,Super Sports,Voucher Super+Sports 90 hari Venmo,New
13840,14858,,2023-11-28 00:31:03+00:00,Super Sports,WALMART X OTT PS 30D,Old
13969,10838,,2020-06-10 11:54:02+00:00,Super,Voucher Payment 1 Hari,Old
11907,12613,,2022-07-06 21:31:11+00:00,Super Sports,Super + Sports 7 Hari Telco,Old
13778,10820,,2020-06-03 03:30:20+00:00,Super,Voucher EBAY 90 Hari,Old
10370,11444,21189,2024-04-23 06:28:33.617193+00:00,Super Sports with Ads,product testing,New
11090,12501,20796,2024-10-22 07:44:43.702442+00:00,Super Sports,Product QA Testing Super Sport,New
13107,10525,,2020-03-05 03:35:03+00:00,Super,zalando Payment 30 Hari,Old
13776,12576,,2022-06-24 01:49:50+00:00,Super Sports,Voucher BLI 7 hari Super + Sports,Old
12930,12492,,2020-10-01 05:41:09+00:00,Super Sports,Super + Sports 30 Hari,Old
10265,11378,21484,2024-04-22 05:40:12.537642+00:00,World Cup,Paket Normal World Cup OTT x MyRepublic,New
11289,11053,20796,2024-01-09 11:57:21.485381+00:00,Super Sports,OTT OrangeHome Super+Sports 30 Days,New
11058,11073,20796,2024-01-09 11:57:21.485381+00:00,Super Sports,Amazon x OTT Super+Sports 30 Days,New
12696,12791,,2022-09-13 21:48:36+00:00,Super Sports,Super + Sports 30 Hari Smartfren,Old
13009,12520,,2022-06-21 02:40:04+00:00,Super Sports,Voucher BL 30 hari Super + Sports,Old
11602,11061,20796,2024-01-09 11:57:21.485381+00:00,Super Sports,Voucher EBAY Periode: 30 hari+30 hari,New
13209,12574,,2022-06-22 02:48:16+00:00,Super Sports,Voucher Super+Sports 365hari di Lazada,Old
12160,11009,20796,2024-01-09 11:57:21.485381+00:00,Super Sports,OTT Super 30 Hari - AXIS Vouchers,New
11011,11008,20796,2024-01-09 11:57:21.485381+00:00,Super Sports,OTT Super 7 Hari - AXIS Vouchers,New
10546,11112,20794,2024-01-09 11:57:21.485381+00:00,Super,Amazon - OTT Super 90 D,New
10672,11096,20794,2024-01-09 11:57:21.485381+00:00,Super,Super_hospitalityMY,New
11825,11032,20796,2024-01-09 11:57:21.485381+00:00,Super Sports,Voucher Super+Sports 30 hari di BNP,New
11986,13808,,2023-01-18 01:27:16+00:00,Super Sports,Bundling Singtel Sports 30D 2GB Promo,Old
13522,11314,,2020-10-12 07:29:06+00:00,Super,Voucher ALIBABA 365 hari,Old
14162,12702,,2022-08-14 21:10:39+00:00,Super,Voucher EBAY Periode 60 hari Live TV,Old
12547,11332,,2020-10-12 08:00:50+00:00,Super,Voucher EBAY 365 hari,Old
13744,12097,,2021-12-09 20:38:10+00:00,Super,Voucher OTT Originals 30 Hari,Old
12593,11278,,2020-10-07 09:03:50+00:00,Super,Super 365 Hari,Old
10768,11069,20796,2024-01-09 11:57:21.485381+00:00,Super Sports,Voucher Venmo: 30 hari + 30 hari,New
10288,11217,20795,2024-03-01 03:39:07.772739+00:00,Super with Ads,Super With Ads 30 Days,New
12802,14916,,2024-05-06 04:35:48+00:00,Sport Match 3,Live Match Pass,Old
13139,14916,,2024-05-06 04:35:48+00:00,Special Sport Match,Live Match Pass,Old
10753,11005,20796,2024-01-09 11:57:21.485381+00:00,Super Sports,OTT Super 30 Hari - Orange Vouchers,New
10834,11052,20794,2024-01-09 11:57:21.485381+00:00,Super,OTT OrangeHome Super 30 Days,New
10034,12347,22672,2024-10-04 07:47:22.295215+00:00,Super Ultimate,Super Ultimate 30 Hari BJB,New
10931,11909,20796,2024-06-05 17:09:02.570825+00:00,Super Sports,Super + Sports 365 Hari Telco | Singtel,New
12432,12553,,2022-06-22 02:33:56+00:00,Super,Voucher Super 365hari di Codashop,Old
14546,11971,,2021-07-28 22:54:17+00:00,Super,OTT Super 30 Hari - Huawei Voucher,Old
14105,14490,,2023-03-30 23:40:09+00:00,Super Sports,China Mobile - OTT Super+Sports 365 Days,Old
14873,13607,,2022-12-07 01:29:14+00:00,Super Sports,SMK Cyber - Super + Sports 7 Days,Old
15184,14824,,2023-08-24 01:45:35+00:00,Super Sports,Venmo LMAC D2 Platinum x OTT PS 365 D,Old
15698,14855,,2023-11-27 22:06:54+00:00,Super Sports,Upoint X OTT PS 7D,Old
13137,12452,,2020-10-01 05:40:45+00:00,Super,OTT Super 7 hari,Old
10368,12345,22672,2024-10-04 07:45:03.698225+00:00,Super Ultimate,Super Ultimate 30 Hari Alibaba,New
10624,12269,22936,2024-09-20 03:58:56.649970+00:00,Best Sports Channel,BEST SPORTS 30 Hari,New
10194,12038,21484,2024-06-24 07:21:14.706688+00:00,World Cup,Paket Normal World Cup OTT x Grab,New
12545,14924,,2024-05-20 21:21:14+00:00,Sport Match 1,Sport Match 1,Old
11929,12692,,2022-06-13 23:21:46+00:00,Super,OTT Super 90 hari ,Old
12953,12599,,2022-06-24 01:52:47+00:00,Super Sports,Voucher BLI 365 hari Super + Sports,Old
12978,10793,,2020-06-03 03:26:54+00:00,Super,Voucher EBAY 1 Hari,Old
14800,14644,,2023-05-30 18:18:18+00:00,Super,Super with ads 7 days,Old
10066,12343,22672,2024-10-04 07:43:00.020953+00:00,Super Ultimate,Super Ultimate 30 Hari Amazon,New
10929,11123,20794,2024-01-09 11:57:21.485381+00:00,Super,Mcash X OTT P 90D,New
12049,10097,,2018-10-30 23:23:22+00:00,Super,BNPnow_90_hari,Old
13872,10051,,2018-06-05 04:34:40+00:00,Super,BNP NOW Free 2 Bulan,Old
14802,10720,,2020-05-11 06:21:40+00:00,Super,Promo OTT 360 Hari,Old
12339,11208,20794,2024-02-19 03:41:43.984347+00:00,Super,Bundling Singtel Sports 365D 18GB,New
12313,11433,,2020-10-30 05:22:23+00:00,Super,VOD 365 Hari,Old
12592,11505,,2020-10-30 07:33:53+00:00,Super,OTT_365_hari,Old
13232,12277,,2022-05-07 21:20:35+00:00,Super,Voucher Venmo 365 hari,Old
10896,11075,20796,2024-01-09 11:57:21.485381+00:00,Super Sports,Amazon x OTT Super+Sports 365 Days,New
13648,12427,,2022-06-15 21:06:34+00:00,Super Sports,Voucher Super+Sports 90 hari di EBAY,Old
14032,14852,,2023-11-21 22:09:35+00:00,Super Sports,Mcash X OTT PS 365D,Old
11472,11013,20796,2024-01-09 11:57:21.485381+00:00,Super Sports,Voucher EBAY Periode 30 hr + 30 hr,New
12440,10014,,2017-02-21 17:50:26+00:00,Super,30 Hari ( Phone ),Old
12419,14914,,2024-04-23 23:27:39+00:00,World Cup,MyRepublic X OTT World Cup,Old
14617,12476,,2020-10-23 15:05:33+00:00,Super Sports,OTT Super 365 Hari,Old
13874,11814,,2021-04-15 20:15:05+00:00,Super,Voucher OTT 1 Tahun,Old
15186,14412,,2020-10-01 05:40:45+00:00,Entertainment,60 Diamond +12 Free Package,Old
13267,14922,,2024-05-13 03:58:30+00:00,World Cup,OTT World Cup Regular Pack,Old
14291,13599,,2022-12-07 01:25:30+00:00,Super Sports,SMAN 75 Jkt - Super + Sports 7 Days,Old
11136,11128,20794,2024-01-09 11:57:21.485381+00:00,Super,Upoint X OTT P 7D,New
11475,11027,20796,2024-01-09 11:57:21.485381+00:00,Super Sports,Voucher Super+Sports 7 hari Venmo,New
11443,11041,20796,2024-01-09 11:57:21.485381+00:00,Super Sports,Voucher Super+Sports 365hari JujungNet,New
15129,13859,,2023-01-30 02:47:47+00:00,Super Sports,SMK Taruna Terpadu - Super Sports 7 Hr,Old
11985,12337,,2022-06-13 23:21:09+00:00,Super,OTT Super 30 hari ,Old
11571,11011,20796,2024-01-09 11:57:21.485381+00:00,Super Sports,OTT Super 30 Hari - BNP,New
12048,10600,,2020-04-09 10:24:40+00:00,Super,ETSY Payment 90 Hari,Old
10112,11191,20953,2024-02-12 03:55:32.940641+00:00,Test Package 1,test create product,New
10243,11345,21484,2024-04-22 04:13:41.952770+00:00,World Cup,Paket Normal World Cup OTT x China Mobile,New
11826,11130,20796,2024-01-09 11:57:21.485381+00:00,Super Sports,Upoint X OTT PS 30D,New
12544,10530,,2020-03-05 03:35:30+00:00,Super,zalando Payment 90 Hari,Old
12568,13798,,2023-01-18 01:24:00+00:00,Super Sports,Bundling Singtel Sports 3D 750MB,Old
14003,12081,,2021-12-06 21:01:12+00:00,Super,Voucher NOKIA 90 hari,Old
12752,12372,,2022-06-13 23:25:10+00:00,Sport Match 2,Pay Per View,Old
14544,12417,,2022-06-15 21:03:48+00:00,Super Sports,Voucher Super+Sports 365 hari di JDID,Old
12115,11020,20796,2024-01-09 11:57:21.485381+00:00,Super Sports,Voucher EBAY 7 Hari,New
11440,11048,20796,2024-01-09 11:57:21.485381+00:00,Super Sports,Voucher BLI 90 hari Super + Sports,New
12034,11088,20796,2024-01-09 11:57:21.485381+00:00,Super Sports,Voucher OTT di TIX ID 7 Hari,New
12560,13581,,2022-11-28 03:57:15+00:00,Super Sports,Voucher OTT di TIX ID 7 Hari,Old
10544,12434,23167,2024-10-21 12:17:32.223383+00:00,Test Package 3,Test Product 1,New
13952,12144,,2021-12-21 03:31:40+00:00,Super,Voucher VENMO Periode 365 hr + 365 hr,Old
12082,10089,,2018-10-30 23:21:42+00:00,Super,BNPnow_30_hari,Old
13362,13323,,2022-11-11 02:35:41+00:00,Super Sports,Smart247 x OTT  Super+Sports 7 Days,Old
13488,14849,,2023-11-21 22:06:59+00:00,Super,Mcash X OTT P 90D,Old
11010,11064,20796,2024-01-09 11:57:21.485381+00:00,Super Sports,Voucher Lazada Periode: 90 hari+90 hari,New
12496,11023,20796,2024-01-09 11:57:21.485381+00:00,Super Sports,Voucher EBAY 365 hari,New
12675,12397,,2022-06-15 20:58:57+00:00,Super Sports,Voucher Super+Sports 365hari Venmo,Old
13713,14853,,2023-11-23 00:31:53+00:00,Super Sports,BNP X OTT PS 365D,Old
10904,11111,20794,2024-01-09 11:57:21.485381+00:00,Super,Amazon - OTT Super 30 D,New
11312,11097,20796,2024-01-09 11:57:21.485381+00:00,Super Sports,Promo Panorama Malaysia (VIP) 360,New
12800,12629,,2022-07-06 21:34:06+00:00,Super Sports,Super + Sports 365 Hari Telco,Old
13712,12875,,2022-10-09 21:53:34+00:00,Super,Voucher Venmo: 90 hari + 90 hari,Old
13337,11794,,2021-04-15 20:12:34+00:00,Super,Voucher OTT 30 Hari,Old
13721,12508,,2020-10-23 15:05:33+00:00,Super,Super + Sports 365 Hari,Old
11392,11120,20796,2024-01-09 11:57:21.485381+00:00,Super Sports,"Super Sports 30 Hari		",New
10707,11110,20794,2024-01-09 11:57:21.485381+00:00,Super,Amazon - OTT Super 7 D,New
11699,11312,21189,2024-04-04 08:51:43.439304+00:00,Super Sports with Ads,Voucher Sharp,New
11920,11763,,2021-03-12 00:37:52+00:00,Super,Bundling Verizon VPI50,Old
12163,11773,,2021-03-12 00:38:57+00:00,Super,Bundling Verizon VPI100,Old
12291,12358,,2022-06-13 23:23:31+00:00,Super Sports,Super + Sports 7 Hari,Old
11522,11218,20796,2024-03-13 08:13:52.053806+00:00,Super Sports,Verizon X OTT PS 7 Days,New
10289,11106,20795,2024-01-09 11:57:21.485381+00:00,Super with Ads,AVARO Super with Ads 90 D,New
13184,11672,,2021-01-19 00:10:53+00:00,Super Sports,OTT Super 7 Hari - Orange Vouchers,Old
13104,11978,,2021-07-28 22:57:25+00:00,Super,OTT Super 30 Hari - Coocaa Voucher,Old
12241,10540,,2020-03-05 03:37:07+00:00,Super,SPIN Payment 7 Hari,Old
10928,11018,20796,2024-01-09 11:57:21.485381+00:00,Super Sports,Voucher EBAY_ON DEMAND,New
10497,11004,20796,2024-01-09 11:57:21.485381+00:00,Super Sports,OTT Super 7 Hari - Orange Vouchers,New
11186,11085,20796,2024-01-09 11:57:21.485381+00:00,Super Sports,Voucher ALIBABA Periode: 30 hari,New
13698,14410,,2020-10-01 05:40:45+00:00,Entertainment,20 Diamond +4 Free Package,Old
13720,11947,,2021-06-13 23:42:46+00:00,Super,OTT Trial Plan 7 Hari - AXIS Voucher,Old
12242,13853,,2023-01-18 01:45:15+00:00,Super,Bundling Singtel Super 365D 18GB,Old
12497,12484,,2020-10-01 05:40:45+00:00,Super Sports,Super + Sports 7 Hari,Old
10241,11807,20794,2024-05-30 02:37:59.505316+00:00,Super,Super3daybas,New
11600,11034,20796,2024-01-09 11:57:21.485381+00:00,Super Sports,Voucher Super+Sports 30hari Codashop,New
10290,11411,21484,2024-04-22 09:10:16.888878+00:00,World Cup,Paket Early Bird World Cup OTT x vodafone,New
14339,13533,,2022-11-17 02:00:32+00:00,Super,Voucher ALIBABA Periode: 365 hari,Old
13264,12605,,2022-06-28 00:42:59+00:00,Super Sports,Super + Sports (Ads) 90 Hari Sharp,Old
13906,12077,,2021-12-06 20:59:20+00:00,Super,Voucher SHARP 30 hari,Old
11280,11078,20796,2024-01-09 11:57:21.485381+00:00,Super Sports,Alibaba x OTT Super+Sports 90 Days,New
12595,11142,20794,2024-01-09 11:57:21.485381+00:00,Super,Super 365 Hari,New
10192,12305,22672,2024-09-20 04:42:09.520051+00:00,Super Ultimate,Super Ultimate Hospitality,New
13328,12709,,2022-08-14 21:13:11+00:00,Super,Voucher EBAY Periode 180 hari Live TV,Old
13968,14742,,2023-07-10 01:23:07+00:00,Entertainment,90 D (Unique),Old
10881,11210,20796,2024-02-19 04:46:07.209214+00:00,Super Sports,Bundling Singtel Sports 1D 500MB,New
12755,11081,20796,2024-01-09 11:57:21.485381+00:00,Super Sports,Smart247 x OTT Super+Sports 30 Days,New
12112,11042,20796,2024-01-09 11:57:21.485381+00:00,Super Sports,Voucher Super+Sports 7hari di Lazada,New
13443,10011,,2016-12-27 10:05:50+00:00,Super,Promo Sign UP BNP NOW,Old
14979,12345,,2022-06-13 23:21:46+00:00,Super Sports,OTT Super 90 hari ,Old
12177,11442,,2020-10-30 05:24:04+00:00,Super,VOD 7 Hari,Old
11008,11939,20794,2024-06-06 07:40:11.627409+00:00,Super,Verizon X OTT P 30D,New
13185,12190,,2022-03-27 20:49:38+00:00,Super,Voucher OTT Super 365 Hari,Old
13186,11938,,2021-06-13 23:34:31+00:00,Super,OTT Super 30 Hari - Tsel Vouchers,Old
12944,12408,,2022-06-15 21:02:01+00:00,Super Sports,Voucher Super+Sports 30 hari di JDID,Old
13584,14498,,2023-04-02 21:28:20+00:00,Super Sports,Super+Sports 7 Days,Old
12979,13793,,2023-01-18 01:22:44+00:00,Super Sports,Bundling Singtel Sports 1D 500MB,Old
14803,12163,,2021-12-28 03:13:13+00:00,Super,Voucher ALIBABA  Periode: 90 hr + 90 hr,Old
10640,11054,20796,2024-01-09 11:57:21.485381+00:00,Super Sports,Super + Sports 1 Hari Smartfren,New
11057,11094,20794,2024-01-09 11:57:21.485381+00:00,Super,Promo Panorama Malaysia,New
13440,14823,,2023-08-24 01:44:01+00:00,Super Sports,Venmo LMAC D1 Platinum x OTT PS 365 D,Old
14082,14913,,2024-04-23 23:24:34+00:00,World Cup,China Mobile X OTT EURO,Old
12304,10063,,2018-07-31 07:49:26+00:00,Super,BNP NOW Free 4 Bulan,Old
12753,11784,,2021-04-15 20:10:41+00:00,Super,Voucher OTT 7 Hari,Old
10626,12304,22673,2024-09-20 04:40:06.350331+00:00,Super Movies,Super Movies Hospitality,New
11651,12371,,2022-06-13 23:25:10+00:00,Super Sports,Super + Sports 365 Hari,Old
14488,13768,,2023-01-12 00:57:09+00:00,Super Sports,Masima Radio - OTT Super+Sports 30 Hari,Old
12433,13849,,2023-01-18 01:42:22+00:00,Super,Bundling Singtel Super 90D 8GB,Old
13201,14637,,2023-05-28 23:44:03+00:00,Super,PegiPegi Super Ads 30Hari (General),Old
15027,10484,,2020-02-11 06:57:08+00:00,Super,Voucher OTT 60 hari,Old
13849,13324,,2022-11-11 02:37:59+00:00,Super Sports,Smart247 x OTT  Super+Sports 30 Days,Old
10880,11219,20794,2024-03-13 09:46:40.753956+00:00,Super,Verizon Super 7 days,New
10648,12005,21484,2024-06-13 08:16:31.751755+00:00,World Cup,"Paket Reguler World Cup OTT X Shopify		",New
11793,10012,,2016-12-28 09:05:15+00:00,Super,1 Hari ( Phone ),Old
14097,12222,,2022-04-21 02:12:53+00:00,On Demand,Voucher TICKET.CO_ON DEMAND,Old
14288,10021,,2017-03-14 11:21:40+00:00,Super,Promo Connect Pay TV,Old
13616,10020,,2017-02-22 07:21:46+00:00,Super,BNP NOW Test,Old
15442,14871,,2024-01-17 03:00:34+00:00,Super Sports,Verizon X OTT PS 30D,Old
15059,14518,,2023-04-10 03:36:52+00:00,Super,Pulsa Pro - OTT Super 7 Days,Old
11537,11044,20796,2024-01-09 11:57:21.485381+00:00,Super Sports,Voucher Super+Sports 90hari di Lazada,New
10323,11972,21484,2024-06-10 08:47:24.589138+00:00,World Cup,Paket Reguler World Cup OTT X Verizon,New
11824,11213,20796,2024-02-19 04:50:08.165004+00:00,Super Sports,Bundling Singtel Sports 30D 2GB Promo,New
11346,11099,20796,2024-01-09 11:57:21.485381+00:00,Super Sports,China Mobile - OTT Super+Sports 365 Days,New
13313,14831,,2023-08-28 02:01:28+00:00,Super Sports,OTT LMAC PS 365 Silver 8 Sep,Old
11664,10017,,2017-02-21 18:00:47+00:00,Super,VOD 30 Hari,Old
12689,14870,,2024-01-17 03:00:03+00:00,Super,Verizon X OTT P 365D,Old
12369,11478,,2020-10-30 07:31:30+00:00,Super,OTT_07_hari,Old
11408,11083,20796,2024-01-09 11:57:21.485381+00:00,Super Sports,Smart247 x OTT Super+Sports 365 Days,New
11160,11074,20796,2024-01-09 11:57:21.485381+00:00,Super Sports,Amazon x OTT Super+Sports 90 Days,New
12627,11010,20796,2024-01-09 11:57:21.485381+00:00,Super Sports,OTT Super 30 Hari - Coocaa Voucher,New
12368,11132,20796,2024-01-09 11:57:21.485381+00:00,Super Sports,WALMART X OTT PS 30D,New
12569,14866,,2023-12-28 00:14:47+00:00,Super Sports,"Verizon X OTT PS 30D (3,5GB)",Old
10627,11940,20794,2024-06-06 07:43:19.442920+00:00,Super,Verizon X OTT P 90D,New
11315,11022,20796,2024-01-09 11:57:21.485381+00:00,Super Sports,Voucher EBAY 90 Hari,New
10417,11675,21484,2024-05-16 04:58:46.094930+00:00,World Cup,Test Product 4,New
13312,14799,,2023-08-15 02:18:26+00:00,Super,BNP HUTRI78 X OTT P 365 D,Old
14104,12591,,2022-06-24 01:52:03+00:00,Super Sports,Voucher BLI 90 hari Super + Sports,Old
12336,10545,,2020-03-05 03:37:33+00:00,Super,SPIN Payment 30 Hari,Old
10113,11181,20835,2024-01-29 04:27:21.704910+00:00,Orange TV Premium,Paket vodafone Super Sports 30 Hari,New
11859,12071,20796,2024-06-24 07:25:17.051262+00:00,Super Sports,Paket Super Sports 30 Hari X Grab,New
10674,11140,20794,2024-01-09 11:57:21.485381+00:00,Super,Super 30 Hari,New
14259,14609,,2023-05-24 21:25:05+00:00,Super Sports,Super + Sports 30 Days (Compensation),Old
10520,11543,21484,2024-05-06 05:24:27.079784+00:00,World Cup,Paket Normal World Cup OTT x Upoint,New
11347,11114,20796,2024-01-09 11:57:21.485381+00:00,Super Sports,Amazon - OTT Super+sports 7 D,New
13464,12449,,2022-06-20 22:00:44+00:00,Super,OTT Super 7 Hari Original Series,Old
12977,10024,,2017-04-27 05:02:26+00:00,Super,6 Hari ( Phone ),Old
12625,10550,,2020-03-05 03:38:13+00:00,Super,SPIN Payment 90 Hari,Old
11161,11944,20796,2024-06-06 07:48:28.734852+00:00,Super Sports,Verizon X OTT PS 365D,New
10513,11016,20794,2024-01-09 11:57:21.485381+00:00,Super,vodafone Super,New
11091,11119,20794,2024-01-09 11:57:21.485381+00:00,Super,Motionpay X OTT P 30 D,New
13008,10595,,2020-04-09 10:24:08+00:00,Super,ETSY Payment 30 Hari,Old
14001,12854,,2022-10-09 21:40:26+00:00,Super,Voucher WALMART: 90 hari + 90 hari,Old
14419,11352,,2020-10-24 06:28:37+00:00,Super,Super 7 hari,Old
10521,11200,20794,2024-02-19 03:36:45.607959+00:00,Super,Bundling Singtel Super 90D 8GB,New
10000,11941,20794,2024-06-06 07:44:16.747834+00:00,Super,Verizon X OTT P 365D,New
11778,12342,20796,2024-10-04 07:29:40.051057+00:00,Super Sports,Super Sports 30 Hari,New
12945,11940,,2021-06-13 23:42:02+00:00,Super Sports,OTT Trial Plan 7 Hari - Orange Vouchers,Old
14899,10112,,2019-02-12 08:02:44+00:00,Super,BNP Now 12 bulan,Old
11856,11103,20796,2024-01-09 11:57:21.485381+00:00,Super Sports,Pulsa Pro - OTT Super Sports 7 Days,New
10577,11220,21440,2024-03-15 09:32:47.459728+00:00,Combo Disney,Combo Super,New
13265,10918,,2020-09-01 11:24:08+00:00,Super,Voucher OTT 1 Hari,Old
10001,11180,20831,2024-01-25 04:24:59.882452+00:00,Test Package 9,Test Product 10,New
11033,11135,20796,2024-01-09 11:57:21.485381+00:00,Super Sports,Sepulsa X OTT PS 7 D,New
11731,11035,20796,2024-01-09 11:57:21.485381+00:00,Super Sports,Voucher Super+Sports 90hari Codashop,New
10162,11412,21484,2024-04-22 09:12:54.987831+00:00,World Cup,Paket Normal World Cup OTT x vodafone,New
12441,14869,,2024-01-17 02:59:35+00:00,Super,Verizon X OTT P 90D,Old
14387,12136,,2021-12-21 03:28:19+00:00,Super,Voucher VENMO Periode 30 hr + 30 hr,Old
12626,12476,,2020-10-23 15:05:33+00:00,Super,OTT Super 365 Hari,Old
10242,11279,21484,2024-03-26 11:45:34.566630+00:00,World Cup,World Cup,New
14130,13197,,2022-11-01 00:16:14+00:00,Super Sports,OTT Super+Sports 7 Days ,Old
13955,12128,,2021-12-21 03:23:07+00:00,Super,Voucher EBAY Periode 90 hr + 90 hr,Old
15440,10424,,2020-01-25 12:40:04+00:00,Super,zalando_20K,Old
10009,12337,22672,2024-10-04 07:13:09.376828+00:00,Super Ultimate,Super Ultimate 365 Hari Motionpay,New
13080,10023,,2017-04-27 05:01:44+00:00,Super,2 Hari ( Phone ),Old
10769,11039,20794,2024-01-09 11:57:21.485381+00:00,Super,Voucher Super 90hari di Codashop,New
11906,12467,20796,2024-10-21 12:26:52.203324+00:00,Super Sports,Smart247 x OTT Super+Sports 30 Days,New
10291,11122,20795,2024-01-09 11:57:21.485381+00:00,Super with Ads,Mypertamina X OTT P with ads 30D,New
11601,11086,20796,2024-01-09 11:57:21.485381+00:00,Super Sports,Voucher ALIBABA Periode: 90 hari,New
14672,12513,,2022-06-21 02:38:18+00:00,Super Sports,Voucher BLV 7 hari Super + Sports,Old
11801,11050,20796,2024-01-09 11:57:21.485381+00:00,Super Sports,Voucher EBAY Periode 60 hari Live TV,New
10067,11642,21781,2024-05-13 09:02:40.454275+00:00,Test Package 5,testing pricing malaysia,New
11603,11098,20796,2024-01-09 11:57:21.485381+00:00,Super Sports,MyRepublic Super+Sports 365 Hari,New
10800,11101,20794,2024-01-09 11:57:21.485381+00:00,Super,Pulsa Pro - OTT Super 7 Days,New
10705,12335,22673,2024-10-04 07:07:50.542517+00:00,Super Movies,Super Movies 30 Hari Motionpay,New
13841,14501,,2023-04-05 22:34:59+00:00,Super,Pegipegi - Super 30 Days (with Ads),Old
12674,13950,,2023-02-28 00:07:01+00:00,Super Sports,MyRepublic Super+Sports 365 Hari,Old
13875,11287,,2020-10-12 07:27:15+00:00,Super,Voucher ALIBABA 7 hari,Old
11394,11136,20796,2024-01-09 11:57:21.485381+00:00,Super Sports,Sepulsa X OTT PS 30 D,New
12417,11251,,2020-10-07 08:59:49+00:00,Super,Super 7 hari,Old
13057,13577,,2022-11-24 01:09:31+00:00,Super Sports,Voucher AFF - OTT Super+Sports 7 Days,Old
13746,12525,,2022-06-21 02:40:55+00:00,Super Sports,Voucher BL 90 hari Super + Sports,Old
13873,12400,,2022-06-15 21:01:02+00:00,Super Sports,Voucher Super+Sports 7hari di JDID,Old
10257,11107,20794,2024-01-09 11:57:21.485381+00:00,Super,New Amazon - OTT Super 30D,New
10322,11192,21187,2024-02-12 07:29:03.625574+00:00,Test Package 7,timur id,New
11395,11031,20796,2024-01-09 11:57:21.485381+00:00,Super Sports,Voucher Super+Sports 365hari di EBAY,New
11056,11104,20796,2024-01-09 11:57:21.485381+00:00,Super Sports,Pulsa Pro - OTT Super Sports 30 Days,New
14515,12838,,2022-10-09 21:34:05+00:00,Super,Voucher Lazada Periode: 30 hari+30 hari,Old
10752,11147,20794,2024-01-18 08:03:46.897923+00:00,Super,Super 6 hari bas,New
10641,11137,20794,2024-01-09 11:57:21.485381+00:00,Super,Sepulsa X OTT P 7 D,New
11728,11133,20796,2024-01-09 11:57:21.485381+00:00,Super Sports,WALMART X OTT PS 90D,New
13617,12389,,2022-06-15 20:53:58+00:00,Super Sports,Voucher Super+Sports 90 hari Venmo,Old
12080,10015,,2017-02-21 17:51:08+00:00,Super,90 Hari ( Phone ),Old
15315,12845,,2022-10-09 21:36:52+00:00,Super,Voucher JDID Periode: 90 hari + 90 hari,Old
10755,11082,20796,2024-01-09 11:57:21.485381+00:00,Super Sports,Smart247 x OTT Super+Sports 90 Days,New
10450,11188,20897,2024-01-30 05:27:13.624923+00:00,Test Package 10,Test Product 11,New
11730,11115,20796,2024-01-09 11:57:21.485381+00:00,Super Sports,Amazon - OTT Super+sports 30D,New
13520,13205,,2022-11-01 00:34:54+00:00,Super,MS Glow - OTT Super 7 Days ,Old
12722,12059,,2021-11-14 21:31:23+00:00,Super,Voucher 30 hari OTT Super,Old
13489,12531,,2022-06-22 02:14:28+00:00,Super Sports,Voucher Super+Sports 7hari di Codashop,Old
14616,11496,,2020-10-30 07:33:26+00:00,Super,OTT_90_hari,Old
11987,11089,20796,2024-01-09 11:57:21.485381+00:00,Super Sports,Voucher OTT di TIX ID 90 Hari,New
13747,14712,,2023-06-09 01:34:52+00:00,Super,AVARO Super with Ads 90 D,Old
13361,14828,,2023-08-28 01:59:18+00:00,Super Sports,OTT LMAC PS 365 Bronze 8 Sep,Old
14257,13628,,2022-12-13 01:22:32+00:00,Super,PT. Cahaya Sambas Multimedia-PWS 365 Hr,Old
10393,11090,20795,2024-01-09 11:57:21.485381+00:00,Super with Ads,VAmazon - 30 Days with Ads,New
11545,11216,20796,2024-02-19 04:52:13.672994+00:00,Super Sports,Bundling Singtel Sports 365D 18GB,New
12289,13837,,2023-01-18 01:40:46+00:00,Super,Bundling Singtel Super 7D 1GB,Old
13523,12421,,2022-06-15 21:05:13+00:00,Super Sports,Voucher Super+Sports 7 hari di EBAY,Old
